{
  "id": "",
  "name": "",
  "font_family": "iconfont",
  "css_prefix_text": "icon-",
  "description": "",
  "glyphs": [
    {
      "icon_id": "807273",
      "name": "静音",
      "font_class": "jingyin",
      "unicode": "e65e",
      "unicode_decimal": 58974
    },
    {
      "icon_id": "1235390",
      "name": "小喇叭",
      "font_class": "xiaolaba",
      "unicode": "e64c",
      "unicode_decimal": 58956
    },
    {
      "icon_id": "2154945",
      "name": "播放器-播放_44",
      "font_class": "bofangqi-bofang",
      "unicode": "e6a4",
      "unicode_decimal": 59044
    },
    {
      "icon_id": "2154946",
      "name": "播放器-暂停_44",
      "font_class": "bofangqi-zanting",
      "unicode": "e6a5",
      "unicode_decimal": 59045
    },
    {
      "icon_id": "3662650",
      "name": "兴趣爱好",
      "font_class": "xingquaihao",
      "unicode": "e655",
      "unicode_decimal": 58965
    },
    {
      "icon_id": "5152785",
      "name": "姓名",
      "font_class": "xingming",
      "unicode": "e605",
      "unicode_decimal": 58885
    },
    {
      "icon_id": "5980326",
      "name": "年纪",
      "font_class": "nianji",
      "unicode": "e6b2",
      "unicode_decimal": 59058
    },
    {
      "icon_id": "7417086",
      "name": "上一首",
      "font_class": "shangyishou",
      "unicode": "e603",
      "unicode_decimal": 58883
    },
    {
      "icon_id": "7417092",
      "name": "下一首",
      "font_class": "xiayishou",
      "unicode": "e602",
      "unicode_decimal": 58882
    },
    {
      "icon_id": "20012937",
      "name": "地区管理-fill",
      "font_class": "huaban56",
      "unicode": "e518",
      "unicode_decimal": 58648
    },
    {
      "icon_id": "24665877",
      "name": "刷新、重播",
      "font_class": "a-shuaxinzhongbo",
      "unicode": "e6e4",
      "unicode_decimal": 59108
    }
  ]
}
